Date ,Day,Month,Quarter,Year,series ,OPEN ,HIGH ,LOW ,PREV. CLOSE ,ltp ,close ,vwap ,52W H ,52W L ,VOLUME ,No of trades 
10-Dec-24,Tuesday,December,Q4,2024,EQ,1939.00,1965.60,1932.00,1923.65,1947.10,1948.55,1947.08,1991.45,1358.35,6174921.00,219707.00
09-Dec-24,Monday,December,Q4,2024,EQ,1924.20,1930.20,1897.20,1922.40,1926.95,1923.65,1912.43,1991.45,1358.35,4274645.00,169220.00
06-Dec-24,Friday,December,Q4,2024,EQ,1932.80,1937.95,1912.40,1934.85,1919.00,1922.40,1921.54,1991.45,1358.35,3573331.00,133773.00
05-Dec-24,Thursday,December,Q4,2024,EQ,1900.00,1949.90,1888.95,1889.25,1935.00,1934.85,1925.05,1991.45,1358.35,9050038.00,300510.00
04-Dec-24,Wednesday,December,Q4,2024,EQ,1884.00,1913.95,1875.00,1892.10,1892.00,1889.25,1895.14,1991.45,1358.35,4705573.00,215259.00
03-Dec-24,Tuesday,December,Q4,2024,EQ,1887.00,1899.75,1871.15,1879.80,1890.00,1892.10,1891.36,1991.45,1358.35,4715792.00,165988.00
02-Dec-24,Monday,December,Q4,2024,EQ,1859.00,1882.80,1835.20,1857.85,1877.45,1879.80,1868.92,1991.45,1358.35,2868263.00,143774.00
29-Nov-24,Friday,November,Q4,2024,EQ,1851.10,1877.00,1845.00,1856.65,1856.95,1857.85,1859.93,1991.45,1358.35,5244346.00,217020.00
28-Nov-24,Thursday,November,Q4,2024,EQ,1914.90,1914.90,1851.65,1924.50,1860.30,1856.65,1869.78,1991.45,1358.35,8468790.00,284687.00
27-Nov-24,Wednesday,November,Q4,2024,EQ,1930.10,1941.40,1911.75,1924.15,1927.00,1924.50,1926.81,1991.45,1358.35,4447143.00,146524.00
26-Nov-24,Tuesday,November,Q4,2024,EQ,1904.95,1938.60,1897.30,1889.70,1920.20,1924.15,1926.35,1991.45,1358.35,6850495.00,312960.00
25-Nov-24,Monday,November,Q4,2024,EQ,1916.00,1919.30,1882.00,1902.25,1891.00,1889.70,1890.66,1991.45,1358.35,12764638.00,196770.00
22-Nov-24,Friday,November,Q4,2024,EQ,1854.10,1914.05,1834.00,1834.05,1889.20,1902.25,1880.71,1991.45,1358.35,6301486.00,185473.00
21-Nov-24,Thursday,November,Q4,2024,EQ,1842.00,1867.00,1820.60,1824.75,1834.00,1834.05,1836.76,1991.45,1358.35,5436504.00,232740.00
19-Nov-24,Tuesday,November,Q4,2024,EQ,1825.50,1859.70,1820.55,1811.45,1822.50,1824.75,1839.98,1991.45,1358.35,4669769.00,142990.00
18-Nov-24,Monday,November,Q4,2024,EQ,1849.20,1849.20,1795.00,1864.55,1815.05,1811.45,1813.82,1991.45,1358.35,4839244.00,207559.00
14-Nov-24,Thursday,November,Q4,2024,EQ,1865.60,1876.00,1856.00,1868.40,1865.00,1864.55,1865.97,1991.45,1358.35,4311431.00,206703.00
13-Nov-24,Wednesday,November,Q4,2024,EQ,1861.10,1873.20,1856.30,1868.80,1869.00,1868.40,1866.77,1991.45,1358.35,4257495.00,187205.00
12-Nov-24,Tuesday,November,Q4,2024,EQ,1871.10,1881.00,1861.00,1860.10,1861.00,1868.80,1871.65,1991.45,1358.35,5012450.00,182346.00
11-Nov-24,Monday,November,Q4,2024,EQ,1829.00,1868.00,1822.55,1829.95,1859.05,1860.10,1855.73,1991.45,1358.35,3804234.00,240025.00
08-Nov-24,Friday,November,Q4,2024,EQ,1818.00,1840.60,1813.15,1803.05,1825.95,1829.95,1832.23,1991.45,1358.35,4210960.00,199379.00
07-Nov-24,Thursday,November,Q4,2024,EQ,1812.95,1825.70,1787.00,1823.70,1802.85,1803.05,1802.49,1991.45,1358.35,4550965.00,274916.00
06-Nov-24,Wednesday,November,Q4,2024,EQ,1764.00,1827.20,1762.65,1754.20,1821.00,1823.70,1809.14,1991.45,1358.35,10421494.00,305870.00
05-Nov-24,Tuesday,November,Q4,2024,EQ,1760.00,1768.45,1745.00,1763.65,1753.00,1754.20,1754.19,1991.45,1358.35,3160880.00,168160.00
04-Nov-24,Monday,November,Q4,2024,EQ,1724.50,1767.00,1718.00,1760.85,1763.05,1763.65,1742.20,1991.45,1358.35,7336722.00,237541.00
01-Nov-24,Friday,November,Q4,2024,EQ,1764.50,1766.00,1752.05,1757.25,1755.60,1760.85,1761.68,1991.45,1351.65,371966.00,29613.00
31-Oct-24,Thursday,October,Q4,2024,EQ,1787.90,1787.90,1746.50,1802.10,1762.95,1757.25,1759.11,1991.45,1351.65,7395236.00,283103.00
30-Oct-24,Wednesday,October,Q4,2024,EQ,1832.00,1839.00,1796.35,1839.30,1798.80,1802.10,1813.08,1991.45,1351.65,5919715.00,221376.00
29-Oct-24,Tuesday,October,Q4,2024,EQ,1846.00,1851.60,1829.00,1865.35,1839.95,1839.30,1840.82,1991.45,1351.65,4621252.00,157581.00
28-Oct-24,Monday,October,Q4,2024,EQ,1859.70,1881.90,1857.00,1862.05,1865.00,1865.35,1872.16,1991.45,1351.65,7018940.00,157551.00
25-Oct-24,Friday,October,Q4,2024,EQ,1863.45,1876.35,1846.40,1863.35,1866.00,1862.05,1861.41,1991.45,1351.65,4689120.00,181283.00
24-Oct-24,Thursday,October,Q4,2024,EQ,1861.40,1884.00,1860.00,1873.40,1863.60,1863.35,1866.54,1991.45,1351.65,2906475.00,137718.00
23-Oct-24,Wednesday,October,Q4,2024,EQ,1845.25,1886.00,1844.00,1851.60,1868.30,1873.40,1872.18,1991.45,1351.65,4311910.00,177546.00
22-Oct-24,Tuesday,October,Q4,2024,EQ,1858.20,1877.80,1846.95,1852.75,1853.55,1851.60,1858.27,1991.45,1351.65,4125240.00,189972.00
21-Oct-24,Monday,October,Q4,2024,EQ,1891.10,1898.80,1838.00,1879.60,1850.10,1852.75,1856.08,1991.45,1351.65,4654601.00,185546.00
18-Oct-24,Friday,October,Q4,2024,EQ,1893.80,1936.85,1869.25,1968.10,1885.00,1879.60,1891.59,1991.45,1351.65,10526196.00,335832.00
17-Oct-24,Thursday,October,Q4,2024,EQ,1935.20,1978.00,1930.15,1920.10,1974.55,1968.10,1957.70,1991.45,1351.65,8162822.00,295717.00
16-Oct-24,Wednesday,October,Q4,2024,EQ,1955.00,1959.55,1916.35,1959.30,1918.10,1920.10,1937.33,1991.45,1351.65,3111512.00,139457.00
15-Oct-24,Tuesday,October,Q4,2024,EQ,1960.00,1991.45,1951.75,1958.90,1960.00,1959.30,1965.59,1991.45,1351.65,5353705.00,184609.00
14-Oct-24,Monday,October,Q4,2024,EQ,1932.15,1969.50,1931.10,1935.10,1966.00,1958.90,1957.08,1977.00,1351.65,3751378.00,242164.00
11-Oct-24,Friday,October,Q4,2024,EQ,1918.00,1947.00,1910.10,1919.00,1935.00,1935.10,1932.54,1977.00,1351.65,4709431.00,209438.00
10-Oct-24,Thursday,October,Q4,2024,EQ,1957.90,1964.00,1914.10,1952.75,1917.55,1919.00,1934.31,1977.00,1351.65,4782119.00,187711.00
09-Oct-24,Wednesday,October,Q4,2024,EQ,1952.55,1977.00,1945.10,1948.55,1959.00,1952.75,1961.35,1977.00,1351.65,4857163.00,240629.00
08-Oct-24,Tuesday,October,Q4,2024,EQ,1937.90,1957.95,1906.35,1934.30,1945.95,1948.55,1937.77,1975.75,1351.65,5637391.00,301214.00
07-Oct-24,Monday,October,Q4,2024,EQ,1923.20,1942.00,1916.05,1918.15,1930.15,1934.30,1932.07,1975.75,1351.65,6112575.00,232953.00
04-Oct-24,Friday,October,Q4,2024,EQ,1889.55,1954.10,1886.00,1893.40,1922.00,1918.15,1926.60,1975.75,1351.65,10001483.00,317341.00
03-Oct-24,Thursday,October,Q4,2024,EQ,1889.50,1911.85,1881.00,1904.35,1889.00,1893.40,1895.02,1975.75,1351.65,7503887.00,279836.00
01-Oct-24,Tuesday,October,Q4,2024,EQ,1875.00,1908.95,1875.00,1875.60,1906.00,1904.35,1898.99,1975.75,1351.65,4029072.00,153975.00
30-Sep-24,Monday,September,Q3,2024,EQ,1880.00,1901.25,1870.50,1906.75,1877.60,1875.60,1881.30,1975.75,1351.65,6986955.00,225929.00
27-Sep-24,Friday,September,Q3,2024,EQ,1932.10,1974.60,1903.30,1900.25,1908.00,1906.75,1926.62,1975.75,1351.65,14908931.00,301305.00
26-Sep-24,Thursday,September,Q3,2024,EQ,1897.80,1917.95,1893.00,1895.30,1894.00,1900.25,1902.94,1975.75,1351.65,8952803.00,204902.00
25-Sep-24,Wednesday,September,Q3,2024,EQ,1886.35,1901.60,1876.80,1898.60,1900.00,1895.30,1889.52,1975.75,1351.65,4268341.00,173033.00
24-Sep-24,Tuesday,September,Q3,2024,EQ,1888.00,1910.90,1871.40,1896.45,1900.00,1898.60,1888.94,1975.75,1351.65,7277616.00,181532.00
23-Sep-24,Monday,September,Q3,2024,EQ,1909.00,1918.90,1878.45,1905.75,1895.00,1896.45,1890.26,1975.75,1351.65,3636672.00,133793.00
20-Sep-24,Friday,September,Q3,2024,EQ,1905.00,1915.00,1867.40,1894.20,1910.00,1905.75,1902.04,1975.75,1351.65,15242974.00,346786.00
19-Sep-24,Thursday,September,Q3,2024,EQ,1910.60,1924.90,1878.80,1892.15,1897.00,1894.20,1894.84,1975.75,1351.65,7976570.00,219801.00
18-Sep-24,Wednesday,September,Q3,2024,EQ,1938.75,1938.75,1881.30,1952.55,1892.35,1892.15,1898.20,1975.75,1351.65,6385468.00,252266.00
17-Sep-24,Tuesday,September,Q3,2024,EQ,1947.75,1958.45,1942.15,1950.25,1950.00,1952.55,1951.76,1975.75,1351.65,2793127.00,142203.00
16-Sep-24,Monday,September,Q3,2024,EQ,1945.75,1952.00,1933.05,1944.10,1946.00,1950.25,1943.67,1975.75,1351.65,1570181.00,72563.00
13-Sep-24,Friday,September,Q3,2024,EQ,1950.45,1958.60,1935.65,1950.45,1943.00,1944.10,1948.85,1975.75,1351.65,3843127.00,120139.00
12-Sep-24,Thursday,September,Q3,2024,EQ,1925.00,1956.40,1910.80,1910.15,1943.80,1950.45,1933.56,1975.75,1351.65,8555092.00,219622.00
11-Sep-24,Wednesday,September,Q3,2024,EQ,1914.70,1926.00,1905.00,1912.30,1912.95,1910.15,1915.80,1975.75,1351.65,5312946.00,254659.00
10-Sep-24,Tuesday,September,Q3,2024,EQ,1904.90,1935.00,1896.00,1894.65,1914.15,1912.30,1920.51,1975.75,1351.65,6909600.00,265300.00
09-Sep-24,Monday,September,Q3,2024,EQ,1890.00,1920.85,1889.00,1901.85,1903.00,1894.65,1905.13,1975.75,1351.65,4772612.00,186509.00
06-Sep-24,Friday,September,Q3,2024,EQ,1922.00,1936.50,1896.85,1933.15,1904.00,1901.85,1908.09,1975.75,1351.65,5848106.00,190652.00
05-Sep-24,Thursday,September,Q3,2024,EQ,1926.25,1940.00,1909.60,1922.45,1933.00,1933.15,1924.01,1975.75,1351.65,4081810.00,148492.00
04-Sep-24,Wednesday,September,Q3,2024,EQ,1921.10,1927.20,1900.05,1941.25,1920.70,1922.45,1913.05,1975.75,1351.65,4778310.00,178663.00
03-Sep-24,Tuesday,September,Q3,2024,EQ,1967.00,1967.00,1936.45,1964.50,1940.90,1941.25,1952.15,1975.75,1351.65,4694322.00,146119.00
02-Sep-24,Monday,September,Q3,2024,EQ,1943.35,1975.75,1942.80,1943.70,1959.50,1964.50,1961.02,1975.75,1351.65,5573739.00,231832.00
30-Aug-24,Friday,August,Q3,2024,EQ,1938.00,1950.00,1928.00,1933.35,1949.85,1943.70,1940.67,1951.00,1351.65,13466759.00,246824.00
29-Aug-24,Thursday,August,Q3,2024,EQ,1933.00,1950.50,1920.90,1939.10,1930.20,1933.35,1936.08,1951.00,1351.65,7228284.00,251568.00
28-Aug-24,Wednesday,August,Q3,2024,EQ,1906.90,1951.00,1897.40,1900.10,1938.00,1939.10,1935.93,1951.00,1351.65,6514531.00,239601.00
27-Aug-24,Tuesday,August,Q3,2024,EQ,1876.15,1902.75,1873.90,1876.15,1898.00,1900.10,1895.32,1903.00,1351.65,3830679.00,169020.00
26-Aug-24,Monday,August,Q3,2024,EQ,1870.00,1888.75,1864.00,1862.10,1878.00,1876.15,1879.70,1903.00,1351.65,3728589.00,164417.00
23-Aug-24,Friday,August,Q3,2024,EQ,1878.20,1882.60,1857.00,1880.25,1865.95,1862.10,1864.29,1903.00,1351.65,5015935.00,158876.00
22-Aug-24,Thursday,August,Q3,2024,EQ,1884.00,1893.65,1869.70,1872.70,1879.95,1880.25,1880.39,1903.00,1351.65,4300287.00,185241.00
21-Aug-24,Wednesday,August,Q3,2024,EQ,1875.10,1879.00,1867.10,1872.20,1872.60,1872.70,1871.57,1903.00,1351.65,1966902.00,116979.00
20-Aug-24,Tuesday,August,Q3,2024,EQ,1880.00,1885.70,1868.20,1864.80,1871.00,1872.20,1875.20,1903.00,1351.65,3870333.00,141879.00
19-Aug-24,Monday,August,Q3,2024,EQ,1860.00,1867.55,1849.20,1858.95,1865.00,1864.80,1862.30,1903.00,1351.65,2585989.00,140168.00
16-Aug-24,Friday,August,Q3,2024,EQ,1850.00,1861.85,1829.50,1823.25,1856.95,1858.95,1844.85,1903.00,1351.65,7335657.00,218353.00
14-Aug-24,Wednesday,August,Q3,2024,EQ,1802.00,1825.00,1797.45,1797.45,1820.00,1823.25,1813.72,1903.00,1351.65,7450718.00,195413.00
13-Aug-24,Tuesday,August,Q3,2024,EQ,1810.00,1810.00,1789.05,1797.40,1795.95,1797.45,1799.30,1903.00,1351.65,4176918.00,152390.00
12-Aug-24,Monday,August,Q3,2024,EQ,1773.05,1803.50,1768.10,1770.75,1793.30,1797.40,1793.12,1903.00,1351.65,4315329.00,138899.00
09-Aug-24,Friday,August,Q3,2024,EQ,1771.25,1780.75,1756.00,1743.15,1770.70,1770.75,1766.78,1903.00,1351.65,4258524.00,130511.00
08-Aug-24,Thursday,August,Q3,2024,EQ,1779.95,1779.95,1727.10,1791.65,1739.00,1743.15,1748.61,1903.00,1351.65,6227910.00,237457.00
07-Aug-24,Wednesday,August,Q3,2024,EQ,1796.00,1797.90,1762.10,1751.10,1792.00,1791.65,1782.20,1903.00,1351.65,5094329.00,189924.00
06-Aug-24,Tuesday,August,Q3,2024,EQ,1760.20,1796.95,1744.85,1751.90,1756.00,1751.10,1762.70,1903.00,1351.65,7690163.00,229956.00
05-Aug-24,Monday,August,Q3,2024,EQ,1784.95,1797.50,1718.55,1821.20,1751.45,1751.90,1748.15,1903.00,1351.65,10736703.00,357150.00
02-Aug-24,Friday,August,Q3,2024,EQ,1843.00,1859.50,1816.15,1852.60,1819.00,1821.20,1829.19,1903.00,1333.25,7400938.00,244351.00
01-Aug-24,Thursday,August,Q3,2024,EQ,1856.10,1867.90,1845.10,1868.25,1847.65,1852.60,1854.74,1903.00,1333.25,7475014.00,287435.00
31-Jul-24,Wednesday,July,Q3,2024,EQ,1877.00,1885.15,1865.05,1877.15,1869.00,1868.25,1870.34,1903.00,1333.25,5004209.00,252105.00
30-Jul-24,Tuesday,July,Q3,2024,EQ,1871.10,1879.95,1860.00,1871.10,1875.20,1877.15,1870.20,1903.00,1333.25,2721265.00,160022.00
29-Jul-24,Monday,July,Q3,2024,EQ,1893.60,1903.00,1864.00,1878.90,1874.95,1871.10,1877.26,1903.00,1333.25,4635931.00,208557.00
26-Jul-24,Friday,July,Q3,2024,EQ,1825.35,1883.00,1825.35,1824.85,1880.00,1878.90,1871.89,1883.00,1324.25,11369047.00,313143.00
25-Jul-24,Thursday,July,Q3,2024,EQ,1820.00,1830.90,1812.00,1833.95,1826.35,1824.85,1823.35,1844.00,1324.25,5815599.00,126746.00
24-Jul-24,Wednesday,July,Q3,2024,EQ,1837.50,1842.35,1819.60,1836.90,1835.70,1833.95,1830.65,1844.00,1324.25,6002845.00,182691.00
23-Jul-24,Tuesday,July,Q3,2024,EQ,1810.00,1839.95,1783.25,1810.85,1832.90,1836.90,1817.22,1844.00,1324.25,7113056.00,284929.00
22-Jul-24,Monday,July,Q3,2024,EQ,1800.15,1823.00,1792.95,1792.95,1810.00,1810.85,1810.74,1844.00,1324.25,8462126.00,286478.00
19-Jul-24,Friday,July,Q3,2024,EQ,1844.00,1844.00,1786.45,1758.05,1789.35,1792.95,1810.54,1844.00,1305.00,29819116.00,644673.00
18-Jul-24,Thursday,July,Q3,2024,EQ,1719.00,1765.40,1719.00,1726.05,1764.05,1758.05,1747.57,1765.40,1305.00,11248896.00,341763.00
16-Jul-24,Tuesday,July,Q3,2024,EQ,1718.60,1737.90,1700.00,1707.05,1725.10,1726.05,1723.79,1737.90,1305.00,6886281.00,227602.00
15-Jul-24,Monday,July,Q3,2024,EQ,1726.20,1728.00,1702.65,1711.75,1709.00,1707.05,1715.63,1733.00,1305.00,6942230.00,177986.00
12-Jul-24,Friday,July,Q3,2024,EQ,1680.00,1719.75,1666.65,1652.70,1706.35,1711.75,1702.02,1733.00,1305.00,17078316.00,424229.00
11-Jul-24,Thursday,July,Q3,2024,EQ,1656.00,1665.00,1642.05,1648.25,1652.00,1652.70,1654.43,1733.00,1305.00,8857679.00,229626.00
10-Jul-24,Wednesday,July,Q3,2024,EQ,1657.00,1674.00,1637.55,1657.15,1645.00,1648.25,1652.95,1733.00,1305.00,9852770.00,212673.00
09-Jul-24,Tuesday,July,Q3,2024,EQ,1659.90,1666.75,1651.00,1661.65,1656.20,1657.15,1659.82,1733.00,1305.00,5191182.00,180329.00
08-Jul-24,Monday,July,Q3,2024,EQ,1643.10,1666.00,1640.00,1647.45,1660.95,1661.65,1656.59,1733.00,1305.00,5880533.00,180580.00
05-Jul-24,Friday,July,Q3,2024,EQ,1651.45,1665.85,1633.35,1650.65,1641.10,1647.45,1652.13,1733.00,1305.00,7065022.00,197833.00
04-Jul-24,Thursday,July,Q3,2024,EQ,1628.20,1660.00,1628.00,1627.40,1648.95,1650.65,1652.82,1733.00,1305.00,8008311.00,226165.00
03-Jul-24,Wednesday,July,Q3,2024,EQ,1625.00,1636.00,1606.00,1621.05,1629.25,1627.40,1621.60,1733.00,1305.00,7269965.00,157551.00
02-Jul-24,Tuesday,July,Q3,2024,EQ,1596.20,1633.80,1586.50,1590.80,1620.00,1621.05,1618.80,1733.00,1305.00,10493173.00,392727.00
01-Jul-24,Monday,July,Q3,2024,EQ,1559.50,1599.90,1559.50,1566.75,1586.00,1590.80,1588.60,1733.00,1305.00,6801771.00,244645.00
28-Jun-24,Friday,June,Q2,2024,EQ,1572.55,1588.50,1564.25,1573.35,1566.65,1566.75,1573.00,1733.00,1262.25,8197544.00,247411.00
27-Jun-24,Thursday,June,Q2,2024,EQ,1538.45,1578.40,1532.05,1540.70,1571.00,1573.35,1562.84,1733.00,1262.25,14757754.00,335798.00
26-Jun-24,Wednesday,June,Q2,2024,EQ,1541.00,1548.85,1535.00,1541.95,1540.15,1540.70,1541.97,1733.00,1262.25,4851004.00,133969.00
25-Jun-24,Tuesday,June,Q2,2024,EQ,1526.00,1543.90,1520.35,1527.15,1540.00,1541.95,1536.34,1733.00,1262.25,4551525.00,162269.00
24-Jun-24,Monday,June,Q2,2024,EQ,1524.55,1529.10,1515.40,1532.70,1526.00,1527.15,1524.12,1733.00,1262.25,5564989.00,191438.00
21-Jun-24,Friday,June,Q2,2024,EQ,1545.00,1557.75,1523.70,1515.40,1525.10,1532.70,1538.98,1733.00,1262.25,17301941.00,386255.00
20-Jun-24,Thursday,June,Q2,2024,EQ,1516.30,1517.50,1499.10,1511.35,1516.10,1515.40,1510.80,1733.00,1262.25,7927010.00,166148.00
19-Jun-24,Wednesday,June,Q2,2024,EQ,1505.00,1515.65,1496.70,1498.20,1510.25,1511.35,1508.16,1733.00,1262.25,5493456.00,184453.00
18-Jun-24,Tuesday,June,Q2,2024,EQ,1497.00,1507.00,1495.40,1488.90,1499.00,1498.20,1500.33,1733.00,1262.25,5420939.00,193064.00
14-Jun-24,Friday,June,Q2,2024,EQ,1503.70,1503.70,1486.05,1493.95,1488.50,1488.90,1489.97,1733.00,1262.25,4237727.00,161152.00
13-Jun-24,Thursday,June,Q2,2024,EQ,1495.00,1505.00,1489.35,1485.20,1494.00,1493.95,1495.78,1733.00,1262.25,7307565.00,191937.00
12-Jun-24,Wednesday,June,Q2,2024,EQ,1507.00,1508.75,1482.75,1495.75,1486.40,1485.20,1493.28,1733.00,1262.25,9564320.00,208574.00
11-Jun-24,Tuesday,June,Q2,2024,EQ,1500.05,1506.45,1493.95,1499.75,1496.00,1495.75,1500.46,1733.00,1262.25,4853054.00,196731.00
10-Jun-24,Monday,June,Q2,2024,EQ,1525.30,1529.80,1497.30,1533.60,1498.10,1499.75,1504.76,1733.00,1262.25,6810606.00,215749.00
07-Jun-24,Friday,June,Q2,2024,EQ,1481.00,1539.70,1477.25,1472.25,1531.00,1533.60,1523.28,1733.00,1262.25,24075302.00,671586.00
06-Jun-24,Thursday,June,Q2,2024,EQ,1444.95,1474.30,1437.50,1430.10,1473.00,1472.25,1460.72,1733.00,1262.25,12660930.00,427537.00
05-Jun-24,Wednesday,June,Q2,2024,EQ,1400.15,1438.00,1400.15,1393.65,1429.95,1430.10,1422.55,1733.00,1262.25,9233424.00,275273.00
04-Jun-24,Tuesday,June,Q2,2024,EQ,1409.00,1415.00,1358.35,1405.90,1400.05,1393.65,1394.53,1733.00,1262.25,13736134.00,389770.00
03-Jun-24,Monday,June,Q2,2024,EQ,1440.00,1440.00,1404.00,1406.90,1408.30,1405.90,1410.56,1733.00,1262.25,10589244.00,276536.00
31-May-24,Friday,May,Q2,2024,EQ,1409.80,1436.75,1400.00,1427.45,1407.00,1406.90,1414.33,1733.00,1262.25,37113815.00,480522.00
30-May-24,Thursday,May,Q2,2024,EQ,1442.80,1449.85,1421.55,1450.95,1434.95,1427.45,1431.84,1733.00,1262.25,9663150.00,269401.00
29-May-24,Wednesday,May,Q2,2024,EQ,1465.40,1465.50,1450.00,1467.05,1455.00,1450.95,1454.96,1733.00,1262.25,7401634.00,245143.00
28-May-24,Tuesday,May,Q2,2024,EQ,1475.50,1476.00,1460.30,1471.35,1463.00,1467.05,1471.00,1733.00,1262.25,6186922.00,178525.00
27-May-24,Monday,May,Q2,2024,EQ,1471.85,1479.60,1460.25,1465.10,1471.00,1471.35,1470.82,1733.00,1262.25,5821844.00,209335.00
24-May-24,Friday,May,Q2,2024,EQ,1468.25,1475.50,1460.00,1472.40,1462.60,1465.10,1467.29,1733.00,1262.25,5277938.00,173496.00
23-May-24,Thursday,May,Q2,2024,EQ,1454.70,1478.15,1450.00,1454.80,1471.05,1472.40,1469.37,1733.00,1262.25,8641428.00,300489.00
22-May-24,Wednesday,May,Q2,2024,EQ,1428.75,1459.95,1428.00,1434.15,1454.20,1454.80,1450.92,1733.00,1262.25,7173285.00,226692.00
21-May-24,Tuesday,May,Q2,2024,EQ,1430.00,1444.70,1428.40,1443.65,1435.55,1434.15,1435.51,1733.00,1262.25,6752663.00,204780.00
18-May-24,Saturday,May,Q2,2024,EQ,1445.00,1450.00,1442.00,1444.30,1444.30,1443.65,1445.13,1733.00,1242.45,318277.00,13136.00
17-May-24,Friday,May,Q2,2024,EQ,1457.00,1457.00,1439.25,1453.35,1445.00,1444.30,1445.43,1733.00,1242.45,7542860.00,170369.00
16-May-24,Thursday,May,Q2,2024,EQ,1433.95,1455.75,1427.00,1419.95,1450.90,1453.35,1444.18,1733.00,1242.45,9249145.00,254894.00
15-May-24,Wednesday,May,Q2,2024,EQ,1426.00,1431.80,1418.55,1424.70,1420.00,1419.95,1422.38,1733.00,1242.45,4327544.00,186636.00
14-May-24,Tuesday,May,Q2,2024,EQ,1426.40,1433.75,1418.05,1423.45,1425.45,1424.70,1423.77,1733.00,1242.45,3463230.00,137743.00
13-May-24,Monday,May,Q2,2024,EQ,1425.00,1425.00,1411.20,1424.90,1423.75,1423.45,1418.38,1733.00,1242.45,3735954.00,189679.00
10-May-24,Friday,May,Q2,2024,EQ,1435.05,1435.95,1413.00,1439.55,1425.90,1424.90,1421.71,1733.00,1239.05,8777481.00,274606.00
09-May-24,Thursday,May,Q2,2024,EQ,1427.55,1449.95,1424.85,1427.30,1434.15,1439.55,1439.59,1733.00,1239.05,6088406.00,296655.00
08-May-24,Wednesday,May,Q2,2024,EQ,1435.25,1439.75,1425.60,1440.95,1428.00,1427.30,1432.51,1733.00,1239.05,6234983.00,212505.00
07-May-24,Tuesday,May,Q2,2024,EQ,1424.95,1443.35,1415.60,1425.90,1438.00,1440.95,1429.44,1733.00,1239.05,6080661.00,165156.00
06-May-24,Monday,May,Q2,2024,EQ,1420.00,1445.70,1417.10,1416.30,1427.40,1425.90,1433.20,1733.00,1239.05,6445422.00,153619.00
03-May-24,Friday,May,Q2,2024,EQ,1422.10,1424.80,1403.20,1414.45,1415.75,1416.30,1412.37,1733.00,1239.05,8842345.00,275760.00
02-May-24,Thursday,May,Q2,2024,EQ,1413.00,1424.00,1411.85,1420.55,1417.45,1414.45,1417.48,1733.00,1239.05,10076354.00,541169.00
30-Apr-24,Tuesday,April,Q2,2024,EQ,1434.70,1436.55,1417.55,1434.75,1421.75,1420.55,1427.00,1733.00,1239.05,6936588.00,257285.00
29-Apr-24,Monday,April,Q2,2024,EQ,1429.95,1439.80,1428.25,1430.25,1436.00,1434.75,1434.76,1733.00,1239.05,5055957.00,172407.00
26-Apr-24,Friday,April,Q2,2024,EQ,1439.70,1445.40,1427.00,1438.45,1432.00,1430.25,1435.15,1733.00,1215.00,8062444.00,331963.00
25-Apr-24,Thursday,April,Q2,2024,EQ,1420.00,1444.90,1420.00,1430.75,1438.30,1438.45,1436.68,1733.00,1215.00,9089398.00,213914.00
24-Apr-24,Wednesday,April,Q2,2024,EQ,1444.30,1444.30,1427.05,1442.40,1433.55,1430.75,1433.90,1733.00,1215.00,4268213.00,188856.00
23-Apr-24,Tuesday,April,Q2,2024,EQ,1443.00,1446.85,1433.00,1432.75,1439.45,1442.40,1441.38,1733.00,1215.00,4856174.00,155079.00
22-Apr-24,Monday,April,Q2,2024,EQ,1419.90,1436.85,1413.05,1411.25,1434.50,1432.75,1423.20,1733.00,1215.00,5859087.00,194813.00
19-Apr-24,Friday,April,Q2,2024,EQ,1385.00,1426.85,1378.75,1419.25,1411.95,1411.25,1400.77,1733.00,1185.30,20603621.00,491788.00
18-Apr-24,Thursday,April,Q2,2024,EQ,1421.10,1444.70,1407.50,1414.45,1429.50,1419.25,1422.24,1733.00,1185.30,22107945.00,380213.00
16-Apr-24,Tuesday,April,Q2,2024,EQ,1451.00,1455.15,1413.05,1468.15,1415.20,1414.45,1426.60,1733.00,1185.30,16173541.00,498463.00
15-Apr-24,Monday,April,Q2,2024,EQ,1480.00,1491.95,1461.05,1484.75,1467.25,1468.15,1471.43,1733.00,1185.30,8531224.00,279992.00
12-Apr-24,Friday,April,Q2,2024,EQ,1504.00,1506.80,1479.50,1506.80,1484.85,1484.75,1491.90,1733.00,1185.30,12275616.00,329470.00
10-Apr-24,Wednesday,April,Q2,2024,EQ,1500.35,1509.85,1484.55,1494.85,1506.50,1506.80,1500.18,1733.00,1185.30,6744595.00,231665.00
09-Apr-24,Tuesday,April,Q2,2024,EQ,1490.00,1513.80,1487.30,1476.70,1497.25,1494.85,1501.10,1733.00,1185.30,9423230.00,221885.00
08-Apr-24,Monday,April,Q2,2024,EQ,1483.00,1490.95,1474.10,1479.10,1475.50,1476.70,1480.51,1733.00,1185.30,6610887.00,182211.00
05-Apr-24,Friday,April,Q2,2024,EQ,1480.05,1486.70,1476.05,1486.70,1480.40,1479.10,1480.24,1733.00,1185.30,5072482.00,151929.00
04-Apr-24,Thursday,April,Q2,2024,EQ,1490.55,1495.65,1468.00,1480.65,1489.00,1486.70,1481.80,1733.00,1185.30,11186915.00,313152.00
03-Apr-24,Wednesday,April,Q2,2024,EQ,1479.00,1495.10,1475.00,1482.85,1480.60,1480.65,1485.37,1733.00,1185.30,8736248.00,206909.00
02-Apr-24,Tuesday,April,Q2,2024,EQ,1484.85,1493.15,1480.85,1495.45,1483.90,1482.85,1484.83,1733.00,1185.30,7279400.00,216472.00
01-Apr-24,Monday,April,Q2,2024,EQ,1525.00,1529.95,1492.80,1498.05,1497.50,1495.45,1505.46,1733.00,1185.30,6580002.00,233368.00
28-Mar-24,Thursday,March,Q1,2024,EQ,1487.15,1511.80,1487.15,1483.85,1495.25,1498.05,1502.78,1733.00,1185.30,12499530.00,288652.00
27-Mar-24,Wednesday,March,Q1,2024,EQ,1496.00,1499.00,1481.55,1492.65,1487.15,1483.85,1489.96,1733.00,1185.30,6857402.00,227899.00
26-Mar-24,Tuesday,March,Q1,2024,EQ,1492.00,1507.45,1487.90,1508.85,1495.00,1492.65,1495.68,1733.00,1185.30,8351081.00,307407.00
22-Mar-24,Friday,March,Q1,2024,EQ,1521.00,1528.90,1498.20,1554.70,1511.45,1508.85,1513.20,1733.00,1185.30,14673890.00,512162.00
21-Mar-24,Thursday,March,Q1,2024,EQ,1564.00,1576.95,1543.40,1554.95,1555.50,1554.70,1556.70,1733.00,1185.30,11062497.00,223612.00
20-Mar-24,Wednesday,March,Q1,2024,EQ,1563.00,1574.95,1552.35,1561.45,1555.80,1554.95,1561.46,1733.00,1185.30,4759059.00,235538.00
19-Mar-24,Tuesday,March,Q1,2024,EQ,1592.35,1599.00,1558.00,1602.65,1566.50,1561.45,1573.88,1733.00,1185.30,6870411.00,247678.00
18-Mar-24,Monday,March,Q1,2024,EQ,1630.00,1632.65,1598.85,1634.00,1601.80,1602.65,1614.01,1733.00,1185.30,4958904.00,201320.00
15-Mar-24,Friday,March,Q1,2024,EQ,1641.10,1645.80,1618.35,1653.30,1631.45,1634.00,1631.78,1733.00,1185.30,11809997.00,285667.00
14-Mar-24,Thursday,March,Q1,2024,EQ,1614.40,1657.75,1608.00,1611.40,1649.95,1653.30,1643.02,1733.00,1185.30,8803799.00,224912.00
13-Mar-24,Wednesday,March,Q1,2024,EQ,1612.90,1624.50,1598.55,1612.95,1613.00,1611.40,1611.41,1733.00,1185.30,5688997.00,195986.00
12-Mar-24,Tuesday,March,Q1,2024,EQ,1600.00,1625.00,1597.65,1600.60,1614.10,1612.95,1616.23,1733.00,1185.30,4614222.00,207553.00
11-Mar-24,Monday,March,Q1,2024,EQ,1608.15,1613.80,1588.00,1616.45,1600.00,1600.60,1600.80,1733.00,1185.30,6752895.00,243001.00
07-Mar-24,Thursday,March,Q1,2024,EQ,1616.60,1628.45,1604.20,1617.55,1612.00,1616.45,1616.64,1733.00,1185.30,6348359.00,244687.00
06-Mar-24,Wednesday,March,Q1,2024,EQ,1602.80,1620.15,1576.00,1606.50,1618.50,1617.55,1596.53,1733.00,1185.30,6420684.00,243568.00
05-Mar-24,Tuesday,March,Q1,2024,EQ,1634.00,1637.35,1602.00,1637.20,1604.00,1606.50,1610.57,1733.00,1185.30,4596579.00,241650.00
04-Mar-24,Monday,March,Q1,2024,EQ,1657.85,1664.45,1633.65,1656.30,1635.75,1637.20,1641.87,1733.00,1185.30,4445156.00,193640.00
02-Mar-24,Saturday,March,Q1,2024,EQ,1658.85,1665.00,1654.05,1654.70,1655.20,1656.30,1659.64,1733.00,1185.30,292153.00,9759.00
01-Mar-24,Friday,March,Q1,2024,EQ,1669.00,1671.95,1651.00,1673.90,1653.80,1654.70,1662.37,1733.00,1185.30,6387291.00,268042.00
29-Feb-24,Thursday,February,Q1,2024,EQ,1665.00,1682.25,1653.30,1671.25,1674.00,1673.90,1669.82,1733.00,1185.30,7814722.00,199180.00
28-Feb-24,Wednesday,February,Q1,2024,EQ,1670.00,1687.80,1662.05,1663.60,1666.00,1671.25,1673.95,1733.00,1185.30,3188916.00,168195.00
27-Feb-24,Tuesday,February,Q1,2024,EQ,1661.00,1671.10,1652.80,1660.15,1664.50,1663.60,1660.89,1733.00,1185.30,5159088.00,177632.00
26-Feb-24,Monday,February,Q1,2024,EQ,1674.95,1674.95,1645.00,1676.85,1660.00,1660.15,1656.14,1733.00,1185.30,2782438.00,138789.00
23-Feb-24,Friday,February,Q1,2024,EQ,1697.00,1698.45,1671.90,1681.35,1675.05,1676.85,1680.38,1733.00,1185.30,5373072.00,159253.00
22-Feb-24,Thursday,February,Q1,2024,EQ,1665.00,1684.60,1644.40,1655.55,1678.25,1681.35,1664.73,1733.00,1185.30,5841277.00,201360.00
21-Feb-24,Wednesday,February,Q1,2024,EQ,1674.00,1674.00,1645.30,1685.25,1652.00,1655.55,1659.26,1733.00,1185.30,4300508.00,199597.00
20-Feb-24,Tuesday,February,Q1,2024,EQ,1685.00,1694.25,1668.75,1699.75,1685.40,1685.25,1680.60,1733.00,1185.30,3706389.00,158582.00
19-Feb-24,Monday,February,Q1,2024,EQ,1705.00,1711.50,1687.70,1701.65,1699.00,1699.75,1702.16,1733.00,1185.30,3690993.00,100191.00
16-Feb-24,Friday,February,Q1,2024,EQ,1689.00,1709.00,1687.95,1676.35,1698.65,1701.65,1699.40,1733.00,1185.30,4880654.00,161141.00
15-Feb-24,Thursday,February,Q1,2024,EQ,1677.00,1687.75,1661.60,1666.20,1680.00,1676.35,1673.73,1733.00,1185.30,4834391.00,191636.00
14-Feb-24,Wednesday,February,Q1,2024,EQ,1660.20,1669.45,1635.50,1684.55,1666.80,1666.20,1648.69,1733.00,1185.30,3768579.00,162385.00
13-Feb-24,Tuesday,February,Q1,2024,EQ,1683.00,1689.10,1663.50,1680.10,1681.50,1684.55,1676.31,1733.00,1185.30,2696481.00,143586.00
12-Feb-24,Monday,February,Q1,2024,EQ,1670.35,1692.95,1670.35,1669.35,1677.20,1680.10,1684.63,1733.00,1185.30,3555808.00,172951.00
09-Feb-24,Friday,February,Q1,2024,EQ,1684.70,1692.90,1659.80,1692.10,1670.00,1669.35,1669.56,1733.00,1185.30,4600004.00,228352.00
08-Feb-24,Thursday,February,Q1,2024,EQ,1698.00,1706.35,1682.80,1693.75,1693.00,1692.10,1692.50,1733.00,1185.30,5919715.00,237027.00
07-Feb-24,Wednesday,February,Q1,2024,EQ,1729.00,1729.00,1686.85,1729.45,1695.00,1693.75,1699.46,1733.00,1185.30,4613877.00,273680.00
06-Feb-24,Tuesday,February,Q1,2024,EQ,1686.75,1733.00,1673.95,1687.20,1728.00,1729.45,1717.32,1733.00,1185.30,7694265.00,250855.00
05-Feb-24,Monday,February,Q1,2024,EQ,1694.75,1700.75,1681.85,1693.35,1683.40,1687.20,1690.95,1718.50,1185.30,3634135.00,137014.00
02-Feb-24,Friday,February,Q1,2024,EQ,1666.05,1718.50,1665.00,1657.05,1693.30,1693.35,1697.40,1718.50,1185.30,7858483.00,259562.00
01-Feb-24,Thursday,February,Q1,2024,EQ,1659.55,1677.00,1650.35,1660.90,1655.00,1657.05,1662.81,1690.00,1185.30,5760011.00,169224.00
31-Jan-24,Wednesday,January,Q1,2024,EQ,1648.25,1667.25,1638.10,1651.45,1656.75,1660.90,1655.75,1690.00,1185.30,6763779.00,181217.00
30-Jan-24,Tuesday,January,Q1,2024,EQ,1662.45,1690.00,1648.25,1656.60,1653.00,1651.45,1667.00,1690.00,1185.30,4995943.00,171051.00
29-Jan-24,Monday,January,Q1,2024,EQ,1665.15,1679.35,1647.60,1669.10,1651.05,1656.60,1658.53,1680.55,1185.30,4253785.00,169843.00
25-Jan-24,Thursday,January,Q1,2024,EQ,1672.95,1680.55,1658.00,1675.40,1666.00,1669.10,1669.03,1680.55,1185.30,8865304.00,238696.00
24-Jan-24,Wednesday,January,Q1,2024,EQ,1659.90,1680.00,1645.00,1642.15,1673.00,1675.40,1662.71,1680.00,1185.30,8999681.00,288491.00
23-Jan-24,Tuesday,January,Q1,2024,EQ,1650.10,1674.70,1637.70,1648.85,1642.00,1642.15,1658.08,1674.70,1185.30,9401255.00,241104.00
20-Jan-24,Saturday,January,Q1,2024,EQ,1665.55,1669.25,1645.00,1659.20,1649.45,1648.85,1652.55,1669.25,1185.30,1158144.00,41544.00
19-Jan-24,Friday,January,Q1,2024,EQ,1651.60,1665.50,1644.15,1642.60,1657.85,1659.20,1657.08,1665.50,1185.30,4522736.00,189909.00
18-Jan-24,Thursday,January,Q1,2024,EQ,1642.65,1649.00,1628.25,1640.20,1646.65,1642.60,1639.29,1664.95,1185.30,6375464.00,227265.00
17-Jan-24,Wednesday,January,Q1,2024,EQ,1620.25,1647.50,1620.25,1631.55,1641.00,1640.20,1639.02,1664.95,1185.30,9209876.00,295426.00
16-Jan-24,Tuesday,January,Q1,2024,EQ,1644.80,1648.50,1625.00,1652.10,1626.00,1631.55,1637.98,1664.95,1185.30,6500917.00,270528.00
15-Jan-24,Monday,January,Q1,2024,EQ,1644.95,1664.95,1636.00,1612.75,1652.00,1652.10,1648.80,1664.95,1185.30,13228305.00,332165.00
12-Jan-24,Friday,January,Q1,2024,EQ,1562.00,1618.00,1555.40,1494.20,1615.00,1612.75,1597.81,1619.75,1185.30,26754401.00,707055.00
11-Jan-24,Thursday,January,Q1,2024,EQ,1524.90,1525.00,1486.60,1519.90,1520.30,1494.20,1499.59,1619.75,1185.30,11296088.00,311866.00
10-Jan-24,Wednesday,January,Q1,2024,EQ,1524.95,1535.45,1505.00,1529.30,1519.95,1519.90,1519.11,1619.75,1185.30,4096845.00,144590.00
09-Jan-24,Tuesday,January,Q1,2024,EQ,1541.90,1553.00,1525.85,1522.80,1530.05,1529.30,1541.86,1619.75,1185.30,4412074.00,142604.00
08-Jan-24,Monday,January,Q1,2024,EQ,1528.95,1536.00,1513.25,1532.55,1520.00,1522.80,1523.73,1619.75,1185.30,4440136.00,159896.00
05-Jan-24,Friday,January,Q1,2024,EQ,1506.75,1539.70,1506.25,1512.70,1531.00,1532.55,1530.26,1619.75,1185.30,8895403.00,219641.00
04-Jan-24,Thursday,January,Q1,2024,EQ,1504.95,1519.75,1492.90,1490.00,1513.00,1512.70,1508.26,1619.75,1185.30,7056038.00,202211.00
03-Jan-24,Wednesday,January,Q1,2024,EQ,1519.95,1519.95,1488.00,1534.40,1492.00,1490.00,1499.65,1619.75,1185.30,7550363.00,303866.00
02-Jan-24,Tuesday,January,Q1,2024,EQ,1546.00,1549.15,1523.00,1551.35,1533.00,1534.40,1533.27,1619.75,1185.30,5396313.00,235015.00
01-Jan-24,Monday,January,Q1,2024,EQ,1539.00,1557.00,1535.25,1542.90,1548.00,1551.35,1548.27,1619.75,1185.30,2808451.00,144697.00
29-Dec-23,Friday,December,Q4,2023,EQ,1541.05,1559.45,1540.00,1562.65,1542.65,1542.90,1544.62,1619.75,1185.30,4388990.00,218692.00
28-Dec-23,Thursday,December,Q4,2023,EQ,1568.95,1568.95,1555.00,1567.10,1566.00,1562.65,1561.64,1619.75,1185.30,5702253.00,236913.00
27-Dec-23,Wednesday,December,Q4,2023,EQ,1544.00,1570.00,1544.00,1543.95,1568.60,1567.10,1560.67,1619.75,1185.30,4225849.00,182574.00
26-Dec-23,Tuesday,December,Q4,2023,EQ,1535.00,1548.00,1523.00,1562.90,1546.00,1543.95,1539.75,1619.75,1185.30,6878067.00,306708.00
22-Dec-23,Friday,December,Q4,2023,EQ,1534.95,1566.00,1523.00,1536.00,1560.60,1562.90,1544.96,1619.75,1185.30,6741060.00,248721.00
21-Dec-23,Thursday,December,Q4,2023,EQ,1521.25,1546.65,1521.25,1536.40,1540.05,1536.00,1536.05,1619.75,1185.30,5319038.00,234678.00
20-Dec-23,Wednesday,December,Q4,2023,EQ,1565.05,1583.50,1530.00,1558.30,1531.00,1536.40,1561.35,1619.75,1185.30,6592367.00,313361.00
19-Dec-23,Tuesday,December,Q4,2023,EQ,1570.10,1573.95,1543.25,1564.35,1555.00,1558.30,1557.15,1619.75,1185.30,4221721.00,164124.00
18-Dec-23,Monday,December,Q4,2023,EQ,1567.95,1593.00,1560.30,1578.40,1563.00,1564.35,1572.19,1619.75,1185.30,6467243.00,261709.00
15-Dec-23,Friday,December,Q4,2023,EQ,1523.05,1588.55,1521.00,1501.45,1576.55,1578.40,1561.19,1619.75,1185.30,18395389.00,453100.00
14-Dec-23,Thursday,December,Q4,2023,EQ,1463.40,1511.00,1461.35,1449.00,1506.00,1501.45,1492.04,1619.75,1185.30,12489858.00,315316.00
13-Dec-23,Wednesday,December,Q4,2023,EQ,1476.00,1476.05,1433.15,1476.05,1449.95,1449.00,1446.80,1619.75,1185.30,8549258.00,337694.00
12-Dec-23,Tuesday,December,Q4,2023,EQ,1477.50,1490.00,1467.65,1488.50,1476.00,1476.05,1477.51,1619.75,1185.30,6103494.00,184795.00
11-Dec-23,Monday,December,Q4,2023,EQ,1490.00,1498.00,1482.00,1491.15,1489.50,1488.50,1490.33,1619.75,1185.30,3862018.00,147641.00
